class_id,accuracy
0,0.960000
1,1.000000
2,1.000000
3,1.000000
4,1.000000
5,1.000000
6,1.000000
7,1.000000
8,1.000000
9,1.000000
10,1.000000
11,1.000000
12,1.000000
13,1.000000
14,1.000000
15,1.000000
16,1.000000
17,0.931034
18,1.000000
19,1.000000
20,1.000000
21,1.000000
22,1.000000
23,0.969697
24,1.000000
25,1.000000
26,1.000000
27,1.000000
28,0.958333
29,1.000000
30,0.973684
31,1.000000
32,1.000000
33,1.000000
34,1.000000
